iter	Logloss
0	0.6918173211
1	0.6904435673
2	0.6889662736
3	0.6879464513
4	0.6868249926
5	0.6852728438
6	0.6845631593
7	0.683721337
8	0.6829176363
9	0.6825312716
10	0.6816671114
11	0.6807236912
12	0.6802077429
13	0.6797018829
14	0.6788800156
15	0.6780442918
16	0.6778482902
17	0.6771643425
18	0.6766653693
19	0.6761461458
