iter	Logloss
0	0.6337834334
1	0.6316536948
